id,name,type,rarity,description
S001,新生,指揮,5,戦闘中、友軍複数(2名)の与ダメージが7%→14%(統率依存)増加。大将技：ターン終了時に敵軍部隊の総兵力が初めて35%→70%以下になる場合、自身は毎ターン行動時に兵力を回復(回復率65%、知略依存)
S002,時は今,能動,5,敵軍複数(2名)に以下のいずれか1種を付与(既存と異なる状態を優先、ダメージ率56%)火傷(知略依存)、水攻め(知略依存)、中毒(知略依存)、消沈(知略依存)、潰走(武勇依存)。付与乗値の持続期間は3ターン。大将技：すべての継続状態を所有する対象への状態を浄化不可(発動確率35%→70%)
S003,千成瓢箪,指揮,5,毎ターン自軍複数(2名)を回復し(回復率38%→76%、知略依存)、17.5%→35%の確率で自軍全体を回復。大将技：自軍全体の回復確率が35%→70%に増加
S004,古今独歩,受動,5,通常攻撃を受けると24%→48%の確率で攻撃者に兵刃ダメージ(ダメージ率35%→70%、通常攻撃効果と突撃を発動可能)を与え、2%→4%の離反を獲得(最大8回まで重ねがけ可能)。大将技：重ねがけ可能回数が10回に増加
S005,破陣乱舞,能動,5,1ターンの間、自身と武勇が最も高い自軍単体が22%→44%(武勇依存)の破陣を獲得。さらに自身はこのターンの間、通常攻撃時に対象に追加で1回兵刃ダメージ(ダメージ率101%→202%)。発動後、1ターンの間再発動不可。大将技：強化通常攻撃発動時、35%の確率で追加で敵軍単体にダメージ
S006,三河魂,指揮,5,友軍複数(2名)が通常攻撃を受けると、攻撃者の全属性に1.25%→2.5%(統率依存)の低下効果を付与(最大8回まで重ねがけ可能)。大将技：自身が通常攻撃を受けると1ターンの間、40%→80%の確率で武勇が最も高い自軍単体が自身を援護
S007,風林火山,指揮,5,戦闘中、2ターンごとに風林火山の順で旗効果発動。最初のターンの旗は自身の最も高い属性で決定(速度＝風、知略＝林、武勇＝火、統率＝山)・風:自軍複数(2~3名)の兵刃与ダメージが11%→22%上昇(速度依存)・林:敵軍複数(2~3名)への計略ダメージ(46%→92%、知略依存)・火:敵軍単体への兵刃攻撃1~2回(78%→156%)・山:自軍複数(2~3名)の兵刃被ダメージが11%→22%低下(統率依存)。大将技：対象人数増加の確率が25%上昇
S008,軍神,受動,5,戦闘中、乱舞が獲得不可。友軍複数(2名)が通常攻撃、能動戦法·突撃戦法発動時に30%→60%の確率(武勇依存)で溜め獲得:自身の通常攻撃ダメージ5%→10%上昇(武勇依存)。溜めは12回まで重ねがけ可能。最大重ねがけ時、通常攻撃の与ダメージが70%→140%上昇(武勇依存)。通常攻撃後、溜めをリセット。大将技：毎ターン行動前、追加で1回溜め獲得。
S009,地黄八幡,能動,5,1ターンの準備後、敵軍全体に兵刃ダメージ(ダメージ率87%→174%)。18%→36%の確率(武勇依存)で対象に1ターンの間封撃·無策を付与(対象ごとに判定)。大将技：制御状態の基本付与確率が22%→44%に上昇
S010,百万一心,指揮,5,戦闘中、敵軍複数(2名。7.5%→15%の確率で敵軍全体)が能動戦法を発動するたびに、15%→30%の確率でその発動を阻止し、計略ダメージ(ダメージ率100%、知略依存)。大将技：敵軍全体が対象となる確率が17.5%→35%まで増加
S011,一切皆空,受動,5,2ターン目以降、30%の確率(毎ターン必発動率が40%上昇)で一揆を発動。一揆発動後の1ターン、自身は毎ターン行動時に80%~90%の確率(発動時のターン数依存)で敵軍複数(2~3名)に一揆(ダメージ率37.5%→75%、武勇と知略の高い方に依存、防御無視)を付与し、ダメージ量の12.5%→25%分だけ自軍雑賀本願寺を均等回復。大将技：自軍僧侶1名につき、一揆のダメージ率がさらに12%上昇
S012,冷徹無情,能動,5,敵軍複数(2名)に兵刃ダメージ(ダメージ率71%→142%、追加で対象の兵力の損害にも依存、最大25%→50%上昇)。対象の兵力が50%以下の場合、2ターンの間、自身の能動戦法の発動確率が10%上昇(最大2回まで重ねがけ可能)。大将技：発動率上昇効果は4ターン持続
S013,雷光雷轟,突撃,5,通常攻撃後、対象とランダムな敵単体に麻痺付与(2ターン、毎ターン30%で行動不能)。対象が麻痺中の場合、雷鳴発動(敵軍全体に兵刃ダメージ、ダメージ率52%)。さらに麻痺でない敵軍単体に麻痺を付与。この戦法は1ターンに最大1回発動可。大将技：雷鳴のダメージが60%に上昇(発動確率30%→65%)
S014,海道一,突撃,5,通常攻撃後に射撃を2回行い、それぞれランダムな敵軍単体への兵刃ダメージ(ダメージ率134%)と計略ダメージ(ダメージ率134%、知略依存)。射撃後、自身の統率が6%低下。統率低下した分だけ武勇と知略が増加(8回まで重ねがけ、解除不可)。大将技：5ターン目に会心(兵刃ダメージが50%増加)と奇策(計略ダメージが50%増加)を12%獲得(発動確率35%→70%)
S015,梟雄の計,能動,5,1ターンの準備後、敵軍複数(2~3名)に計略ダメージ(ダメージ率64%→128%、知略依存)。55%の確率で2ターンの間、対象に中毒(中毒状態中の場合は疲弊に変更)·火傷を付与(ダメージ率48%→96%、知略依存、状態ごとに個別判定)。5ターン目以降に発動した場合、50%の確率で自身は知略が25%上昇するが、戦闘終了まで混乱を獲得。大将技：発動後、自身は混乱を獲得しない
S016,鬼若子,指揮,5,4ターン目まで、自軍複数(2~3名)は25%→50%の連撃を獲得し、統率が9→18(統率依存)上昇。大将技：対象人数増加の確率が25%増加
S017,湖水渡り,能動,5,2ターンの間、自身と自軍単体が奇策を65%獲得。期間中、奇策ダメージを1回与えるたびに、奇策ダメージが15%増加(最大4回重ねがけ可能、戦闘終了まで持続)(発動確率30%→65%)
S018,形影相弔,能動,5,自身と知略が最も高い敵軍武将が同時にランダムな敵軍単体に計略ダメージ(ダメージ率96%→192%、知略依存)。ただし、6ターン目以降は、知略が最も高い敵軍武将の攻撃対象が友軍単体に変更
S019,帰蝶の舞,受動,5,戦闘中、奇数ターンに19%→38%の確率(知略依存)で1ターンの間、敵軍複数(2名)の統率と知略が11%→22%(知略依存)低下。偶数ターンに19%→38%の確率(知略依存)で1ターンの間、敵軍複数(2名)に混乱を付与
S020,槍の又左,受動,5,戦闘中、能動戦法を発動するたびに、45%→90%の確率で、次のターンの行動時までに自身が1回分の鉄壁を獲得(すでにこの戦法で付与された場合は回数増加)。鉄壁の獲得判定が2回行われるたびに、自身の次の通常攻撃を強化:通常攻撃与ダメージが50%増加し、攻撃対象が敵軍全体に変更。大将技：通常攻撃の与ダメージが70%に上昇
S021,陣前無我,能動,5,自身の兵力が自軍の最低値でない場合、1ターンの間、敵軍複数(2~3名)に挑発と牽制(強制的に敵軍の通常攻撃と戦法の発動対象を自身に固定)を付与。そうでない場合、自身の兵力を回復(回復率258%、統率依存)(発動確率30%→55%)
S022,かかれ柴田,能動,5,自身の弱体化効果を2個浄化し、敵軍全体に兵刃ダメージ(ダメージ率77%→154%)。発動後、1ターンの間再発動不可。大将技：5ターン目以降、追加で自軍1名の弱体化効果を2個浄化
S023,内助の賢,指揮,5,戦闘中、友軍複数(2名)が継続状態を付与する際、その継続時間が24%→48%の確率(知略依存)で1ターン増加。偶数ターンに敵軍全体が継続状態中の場合、自軍全体の兵力を回復(回復率49%→98%、知略依存)
S024,七本槍筆頭,受動,5,戦闘中、自身は46%→92%の乱舞(通常攻撃時、対象部隊の他武将へもダメージ)を獲得。毎ターン15%→30%の確率で自身の通常攻撃を統率最低の敵軍単体にロック(1ターンの間)。兵刃ダメージを5回与えるたびに、発動率が6.5%→13%上昇(最大3回まで増加可能)。大将技：ロックの発動率は最大5回まで上昇可能
S025,破竹の勢い,受動,5,戦闘中、自身が35%→70%のに会心を獲得し、会心ダメージが15%→30%増加。会心ダメージを与えると、自身の会心ダメージが2.5%→5%増加(最大10回重ねがけ可能)。大将技：重ねがけ可能回数が15回に増加
S026,積水成淵,能動,5,1ターンの準備後、自軍複数(2~3名)に11%→22%のに心攻(計略ダメージを与えた際にダメージ量に応じて兵力回復)を付与。さらに2ターンの間、敵軍複数(2~3名)に水攻めを付与し、毎ターン持続ダメージを与える(ダメージ率88%、知略依存)
S027,東国無双の麗,受動,5,戦闘中、自身は連撃(1ターンに2回通常攻撃)を獲得し、自身の武勇3→30増加
S028,比翼連理,指揮,5,戦闘中、自軍全体が戦法で回復を付与するたびに、回復量の75%を蓄積。大将の行動が終了するたびに40%→80%の確率で敵軍複数(1~2名)に計略ダメージ(ダメージ率46%→92%、知略と回復の蓄積量依存)を与え、蓄積された回復量をリセット
S029,十面埋伏,能動,5,1ターンの準備後、2ターンの間、敵軍全体の被ダメージが9%→18%(知略依存)上昇。その後、対象全体に計略ダメージ(ダメージ率69%→138%、知略依存)。大将技：5ターン目以降に発動する場合、被ダメージ増加効果は解除不可
S030,勇志不抜,能動,5,2ターンの間、友軍複数(2名)の被ダメージの20%を肩代りし、自身の武勇が37.5→75上昇し、12%→24%の離反を獲得。自身の兵力が50%以下の場合は武勇が50→100上昇し、16%→32%の離反を獲得
S031,無想掃討,能動,5,敵軍複数(1~2名)に兵刃ダメージ(ダメージ率51%→102%)。2ターンの間、自身の兵刃与ダメージが25%→50%上昇。自身より先に行動した武将1名につき、兵刃与ダメージ上昇効果が5%→10%減少。大将技：与ダメージ増加効果は最大2回まで減少可能
S032,剛の武者,突撃,5,通常攻撃後、攻撃対象に兵刃ダメージ(ダメージ率123%→246%)を与え、且つ2ターンの間、次の計略ダメージ37.5%→75%低下
S033,鬼美濃,受動,5,ダメージを受けると、17.5%→35%の確率で自身の弱体化効果を浄化し、自身の兵力を回復(回復率56%→112%、統率依存)
S034,先手必勝,能動,5,敵軍複数(2名)に計略ダメージ(ダメージ率67%→134%、知略依存)を与え、2ターンの間、対象が次に受ける能動戦法のダメージ26%→52%上昇
S035,死灰復然,能動,5,最も兵力が少ない自軍単体を回復(回復率138%→276%、知略依存)。1ターンの間、対象の被ダメージが9%→18%低下(知略依存)。回復量に余剰分が発生した場合、追加で自身を回復(回復率54%→108%、知略依存)
S036,甲山猛虎,能動,5,敵軍複数(2名)に兵刃ダメージ(ダメージ率48%→96%)を与え、1ターンの間封撃を付与
S037,啄木鳥,能動,5,敵軍単体に計略ダメージ(ダメージ率78%→156%、知略依存)を与え、武勇が最も高い自軍単体が同じ対象に兵刃ダメージ(ダメージ率80%→160%、武勇と速度依存)。さらに1ターンの間、17.5%→35%の確率(速度依存)で威圧を付与。大将技：5%→10%の確率で啄木鳥の戦法をもう1回発動
S038,疾風怒濤,能動,5,2ターンの間、自身と友軍単体が22.5%→45%の会心を獲得し、敵軍複数(2名)に兵刃ダメージ(ダメージ率51%→102%)
S039,三楽犬,能動,5,1ターンの間、自軍複数(2~3名)が先攻·必中を獲得。この期間、速度が最も高い敵軍単体が行動する時、強化中の自軍による兵刃ダメージ(ダメージ率146%)。発動後、1ターンの間再発動不可(発動確率25%→45%)
S040,越後流軍学,指揮,5,戦闘中、自身の能動戦法の発動率が10%→20%上昇。能動戦法発動時、24%→48%の確率(知略依存)で自軍全体に耐性付与。(2ターン持続、封撃、無策、威圧、疲弊のいずれかに対する耐性。未獲得耐性を優先)。大将技：耐性の持続3ターンに延長
S041,相模の獅子,能動,5,2ターンの間、自軍複数(2~3名)に鉄壁(被ダメージ無効)2回分を42.5%→85%の確率で付与。対象が鉄壁中の場合、代わりに敵軍単体への計略ダメージ(ダメージ率89%→178%、知略依存)。大将技：鉄壁が発動しなかった場合に兵力回復(回復率40%、知略依存)
S042,怪力無双,能動,5,2ターンの準備後、敵軍複数(2~3名)に大量の兵刃ダメージ(ダメージ率166.5%→333%)。この攻撃で対象を倒した場合、2ターンの間、自身が破陣を獲得。大将技：攻撃対象は敵軍3名
S043,旋乾転坤,能動,5,敵軍複数(2~3名)に計略ダメージ(ダメージ率64%→128%、知略依存)を与え、恐慌を付与。対象が指揮·受動戦法を所持している場合、2ターンの間、毎ターン対象に計略ダメージ(ダメージ率36%→72%、所持している指揮·受動戦法が1つ増加するたびにダメージ率が20%→40%上昇、知略依存)。クールタイム:1ターン。大将技：発動時の計略ダメージのダメージ率が74%→148%に増加
S044,尼御台,指揮,5,2ターン目まで、自軍大将は洞察を獲得し、被ダメージが9%→18%(知略依存)軽減。効果終了後、4ターンの間、12%→24%(知略依存)の離反·心攻を獲得
S045,信義貫徹,能動,5,1ターンの間、7.5%→15%の離反(兵刃ダメージを与えた際にダメージ量に応じて兵力回復)を獲得し、敵軍複数(2名)に兵刃ダメージ(ダメージ率78%→156%)。大将技：追加で自軍単体に離反を付与
S046,掃疑平乱,能動,5,2ターンの間、自身と友軍単体が39%→78%の乱舞を獲得。5ターン目以降は、追加で2ターンの間、双方の速度が10%→20%上昇。大将技：武勇のより高い自軍単体優先
S047,月華鶴影,指揮,5,戦闘中、友軍複数(2名)が通常攻撃を受けると35%の確率で敵軍複数に兵刃ダメージ(ダメージ率51%→102%)。いずれかの友軍の兵力が50%以下の場合、自身は25%→50%の会心を獲得
S048,一徹の意志,能動,5,2ターンの間、自身の統率が150上昇し、武勇が最も高い敵軍単体に挑発·牽制を付与し、強制的に敵軍の通常攻撃と戦法の発動対象を自身に固定。自身が弱体化効果中の場合、追加で2ターンの間2回分の鉄壁を獲得。発動後、1ターンの間再発動不可(発動確率20%→40%)
S049,攻めの三左,能動,5,敵軍単体に兵刃ダメージ(ダメージ率71%→142%)。3ターンの間、対象に潰走(ダメージ率36%→72%)を付与。対象がすでに潰走状態中の場合、自身の兵力を回復(回復率34%→68%、武勇依存)
S050,楼岸一番,突撃,5,通常攻撃後、攻撃対象にダメージ(ダメージ率84%→168%、ダメージタイプは武勇と知略の高い方)。1ターンの間、対象の与ダメージが15%→30%低下(武勇と知略の高い方に依存)。対象の兵力が50%超過の場合、与ダメージ低下効果の持続時間は2ターンに増加
S051,非常の器,指揮,5,2ターン目まで、自軍全体が17.5%→35%の回避(ダメージを無効化)を獲得。さらに3ターン目開始時から3ターンの間、自軍全体が休養(毎ターン兵力が1回回復、回復率33%→66%、知略依存)を獲得
S052,仏の高力,能動,5,2ターンの間、友軍単体の能動戦法の発動率が4.5%→9%(統率依存)上昇。対象が次に能動戦法を発動した後、統率が15%→30%増加
S053,夜叉美濃,受動,5,戦闘中、自身の被ダメージ17.5%→35%低下(敵軍が騎兵·鉄砲部隊の場合は25%→50%)
S054,不屈の精神,能動,5,2ターンの間、自身は反撃を獲得し、通常攻撃を受けると攻撃者に1回反撃(ダメージ率74%→148%)を付与。反撃の持続期間中に通常攻撃を2回受けると武勇が18→36上昇(重ねがけ可能、戦闘終了まで持続)
S055,洞察反撃,能動,5,1ターンの準備後、2ターンの間、自軍複数(2名)に洞察を付与。自身は2ターンの間、次に通常攻撃を受けた際に攻撃者に計略ダメージ(ダメージ率152%→304%、知略依存)
S056,鬼小島,突撃,5,通常攻撃後、対象に兵刃ダメージ(ダメージ率304%)。この戦法が発動するたびに、発動率が5%減少(最大4回まで)(発動確率30%→55%)
S057,耐苦鍛錬,指揮,5,戦闘中、自身が通常攻撃を受けた際に自身の武勇と統率が7→14上昇(5回まで重ねがけ可能)。最大重ねがけ数に達すると、敵軍全体に兵刃ダメージ(ダメージ率80%→160%)。3ターン目まで、自軍大将を援護
S058,密報通暁,能動,5,1ターンの準備後、2ターンの間、自軍単体が洞察を獲得し、敵軍単体に撹乱(能動戦法発動時に計略ダメージ、ダメージ率152%、知略依存)を付与(発動確率25%→50%)
S059,献身,指揮,5,戦闘中、自身の行動時に22%→44%の確率(知略依存)で自軍異性に強化付与。強化中、次にダメージを与える際、追加でランダムな敵軍単体への兵刃ダメージ(ダメージ率131%→262%)。そのターン、自身の被ダメージが20%上昇
S060,一心一徳,能動,5,自軍複数(2~3名)を回復し(回復率30%→60%、知略依存)、1ターンの間休養(毎ターン兵力回復)を付与(回復率38%→76%、知略依存)
S061,斗星北天,能動,5,2ターンの間、自身は洞察を獲得し、統率と知略が25→50上昇し、敵軍複数(2~3名)に牽制(37.5%→75%の確率で自身を敵軍戦法の発動対象に固定、知略依存)を付与
S062,満ちゆく月,能動,5,1ターンの準備後、4ターンの間、敵軍単体に潰走(ダメージ率108%、潰走を持っていない敵軍単体が優先)を付与。さらに2ターンの間、潰走状態中の敵軍が次の2回の与ダメージが40%低下。大将技：潰走の持続時間が戦闘終了までに増加(発動確率25%→50%)
S063,綱紀粛正,能動,5,1ターンの準備後、敵軍単体に計略ダメージ(ダメージ率196%、知略依存)。2ターンの間、対象に威圧を付与。大将技：発動時に対象が威圧状態中の場合、代わりに2ターンの間、対象に疲弊を付与(発動確率25%→50%)
S064,鬼十河,突撃,5,通常攻撃後、対象に兵刃ダメージ(ダメージ率188%)。さらに1ターンの間威圧を付与(発動確率20%→35%)
S065,傲岸不遜,能動,5,敵軍複数(2名)に兵刃ダメージ(ダメージ率59%→118%)を与え、2ターンの間、挑発(敵軍の突撃戦法ダメージが15%→30%低下、統率依存)を付与。大将技：追加で目標の通常攻撃の与ダメージが15%→30%減少(統率依存)
S066,津田流砲術,能動,5,敵軍単体に計略ダメージ(ダメージ率94%→188%、知略依存)。2ターンの間、対象にランダムで以下の状態の1つを付与:封擊、無策、威圧、混乱
S067,笹の才蔵,能動,5,1ターンの準備後、敵軍単体に大量の兵刃ダメージ(ダメージ率261%→522%)を与え、3ターンの間回復不可(兵力を回復不可)を付与。この攻撃で対象を倒した場合、次のターンにこの戦法の発動率が100%上昇し、準備ターンは不要
S068,諏訪の光,能動,5,自軍複数(2名)の弱体化効果を2個浄化し、2ターンの間、対象の武勇と統率が36増加(発動確率20%→45%)
S069,先制攻撃,能動,5,1ターンの準備後、敵軍複数(2~3名)に計略ダメージ(ダメージ率66%→132%、知略依存)を与え、2ターンの間対象の能動戦法の被ダメージが15%→30%増加
S070,落花啼鳥,能動,5,1ターンの準備後、友軍複数(2名)が先攻を獲得し、能動戦法与ダメージが37.5%→75%上昇する(2ターン持続)。大将技：大将戦法:与ダメージ基本上昇量が42.5%→85%に増加する
S071,夢幻泡影,能動,5,自軍複数(2名)を回復し(回復率59%→118%、知略依存)、2ターンの間、対象の与ダメージ7.5%→15%(知略依存)
S072,水の如し,受動,5,毎ターン行動前、および初めて戦法回復を受けた時、24%→48%の確率(知略依存)で2.5%→5%の奇策を獲得(最大8回まで重ねがけ可能)。毎ターン行動前、30%→60%の確率で敵軍単体に計略ダメージ(ダメージ率44%→88%、知略依存)を1～2回与える。大将技:ダメージ発生確率が15%増加
S073,武田之赤備,受動,5,戦闘中、10%→20%のに会心を獲得。毎ターン行動後、12.5%→25%の確率(武勇依存。このターンで会心ダメージを与えた場合、追加で12.5%→25%増加)で赤備え突撃を発動:敵軍単体に兵刃ダメージ(ダメージ率69%→138%)を与え、2ターンの間、次のターンの通常攻撃後に対象の統率が7.5%→15%低下。大将技:赤備え突撃の発動確率が追加で10%増加
S074,天下御免,突撃,5,通常攻撃後、対象に追加で1回の兵刃ダメージ(ダメージ率188%)を与える。命中した対象が敵軍大将である場合は2ターン持続する混乱(攻撃と戦法の発動対象をランダムに選択)を付与。敵軍大将がすでに混乱状態の場合、戦闘終了までそのメイン属性を30(武勇依存、重ねがけ可能)吸収(発動確率35%→65%)
S075,末世の道者,指揮,5,知略が最も高い友軍単体の計略与ダメージを7%→14%上昇(統率依存)させ、7%→14%の心攻を付与。武勇が最も高い友軍単体の武勇が10%低下。大将技:武勇低下効果の持続時間が4ターンまで短縮
S076,豊後の戦神,受動,5,戦闘中、自身に洞察付与。さらに、自身の最も高い属性に応じてバフ獲得(効果量は対応する属性に依存):・武勇:自身が与える兵刃ダメージが6%→12%上昇。・知略:自身が与える計略ダメージが6%→12%上昇。・統率:能動戦法の発動確率が3%→6%増加。大将技:自身のメイン属性が10→20増加
S077,諸行無常,指揮,5,3ターン目終了まで、自軍全体の与ダメージが12%→24%上昇(知略依存)し、4ターン目から3ターンの間、自身および敵軍単体が毎ターン最初に与えるダメージが28%→56%低下(知略依存)
S078,先陣鼓舞,能動,5,敵軍単体に兵刃ダメージ(ダメージ率121%→242%)を与え、2ターンの間、友軍単体の固有戦法の発動確率が8→16%増加。大将技:発動確率が追加で4%増加
S079,仁者の沈勇,突撃,5,通常攻撃後、敵軍単体に計略ダメージ(ダメージ率92%→184%、知略依存)を与え、さらに70%の確率で、友軍単体が同時にその対象へ計略ダメージ(ダメージ率77%→154%、その友軍の知略依存)を付与。大将技:友軍によるダメージの発生確率が20%増加
S401,紅蓮の炎,能動,5,1ターンの準備後、敵軍全体に計略ダメージ(ダメージ率52%→104%、知略依存)を与え、2ターンの間、対象に火傷状態を付与し、毎ターン持続ダメージを与える(ダメージ率37%→74%、知略依存)
S402,七十二の計,受動,5,戦闘中、自身は25%→50%の奇策(発動時に計略ダメージが50%増加)を獲得し、奇策ダメージ率が15%→30%増加。奇策ダメージを7回与えた後、追加で敵軍全体に計略ダメージ(ダメージ率60%→120%、知略依存)
S403,水攻干計,能動,5,1ターンの準備後、2ターンの間、敵軍全体に水攻め(毎ターン持続ダメージ。ダメージ率49%→98%、知略依存)と回復不可(兵力を回復不可)を付与
S404,血戦奮闘,受動,5,自身の被回復効果30%→60%上昇、さらに20%→40%の会心を獲得
S405,三河弓兵隊,兵種,5,弓兵が百発百中の三河弓兵隊に進化:自軍全体の統率が10→20増加。3ターン目まで、自軍は回生を獲得し、ダメージを受けるたびに17.5%→35%の確率で兵力が一定量回復(回復率32.5%→65%、統率依存)。酒井忠次が装備時、発動確率はさらに統率依存で増加
S406,盤石耽々,受動,5,戦闘中、自身の被ダメージが(4.5%→9%、統率依存)低下。毎ターン、効果増加(2%→4%、統率依存、重ねがけ可能)
S407,御旗楯無,受動,5,戦闘中、自身がダメージを受けると20%→40%の確率(武勇依存)で、今回の被ダメージが20%→40%(知略依存)低下。また、自身が通常攻撃を受けると20%→40%の確率(統率依存)で、友軍単体が攻撃者に兵刃ダメージ(ダメージ率48%→96%)
S408,毘沙門天,受動,5,戦闘中、自身の行動が終了するたびに20%→40%の確率(武勇依存)で自軍複数(2~3名)を回復(回復率27%→54%、武勇依存)。さらに1ターンの間、敵軍複数(2~3名)の与ダメージが5%→10%減少(双方の武勇の差に依存)
S409,千軍辟易,能動,5,1ターンの間、敵軍全体に53%→106%の兵刃ダメージ。対象が封撃または無策状態中の場合、17.5%→35%の確率で威圧(行動不能)を付与
S410,運勝の鼻,受動,5,戦闘中、準備ターンが必要な固有能動戦法発動時、37.5%→75%の確率で準備時間を1ターンスキップ。スキップに失敗した場合、3ターンの間発動率が5%→10%増加
S411,一行三昧,受動,5,戦闘中、自身の能動戦法の発動確率7.5%→15%増加
S412,理非曲直,突撃,5,通常攻撃後、対象にもう一度兵刃ダメージ(ダメージ率192%)を与え、1ターンの間混乱を付与(攻撃と戦法の発動対象をランダムに選択)(発動確率25%→35%)
S413,霹靂一撃,能動,5,敵軍単体に114%→228%の兵刃ダメージを与え、2ターンの間麻痺(毎ターン30%の確率で行動不能)を付与。対象が麻痺状態中の場合、2ターンの間、自身が25%→50%のに会心を獲得
S414,独立独歩,受動,5,戦闘中、自身の突撃戦法の発動率が8.5%→17%増加
S415,一領具足,指揮,5,最初の2ターンの間、自軍全体の兵力損害が6%→12%(武勇依存)減少。3~4ターン目、自身の行動前に、自軍全体が3ターン持続の傭兵(追加の部隊兵力。獲得率48%→96%、統率依存)
S416,死中求活,受動,5,戦闘中、自身は兵刃ダメージを受けるたびに武勇が2.5→5増加(最大10回まで重ねがけ可能)。5ターン目に、敵軍全体に兵刃ダメージ(ダメージ率62.5%→125%、1回重ねがけにつきダメージが追加で6%→12%増加)
S417,戦意消沈,指揮,5,敵軍複数(2名)に対し、1ターン目に1名へ、3ターン目にもう1名へ、疲弊を付与(2ターン間、与ダメージを25%→50%の確率で無効)
S418,五里霧中,能動,5,1ターンの準備後、2ターンの間、敵軍複数(2名)に混乱(攻撃と戦法の発動対象をランダムに選択)を付与。自身が女性の場合、2ターンの間、追加でその対象の被ダメージが6%増加(発動確率20%→35%)
S419,母衣武者,兵種,5,騎兵が剛勇無双の母衣武者に進化:自軍全体の速度が10→20上昇し、通常攻撃を与えるたびに、対象の被ダメージが1.5%→3%(速度依存)増加(最大5回まで重ねがけ可能)。前田利家が装備時、被ダメージの基本増加率が1.8%→3.5%に上昇
S420,罵詈雑言,指揮,5,3ターン目まで、敵軍複数(2~3名)に挑発(毎ターン45%→90%の確率で強制的に自身を通常攻撃の対象に固定)を付与。さらに自身が受ける通常攻撃と突撃戦法によるの被ダメージが25%→50%低下。自身が大将の場合、挑発は付与しない
S421,帰還の凱旋,能動,5,自軍複数(2名)の兵力を一定量回復(回復率78%→156%、知略依存)。対象の兵力が50%以下の場合、基本回復率が106%→212%に上昇
S422,所向無敵,能動,5,1ターンの準備後、敵軍全体に兵刃ダメージ(ダメージ率127%→254%)
S423,僧兵,兵種,5,足軽が不退転の僧兵に進化:自軍全体の兵刃被ダメージが10%→20%(統率依存)低下。ただし、弱体化の継続状態中の場合、毎ターン兵力損失(ダメージ率40%→80%、火傷状態中は120%→240%に上昇)。宮部継潤が装備時、火傷以外の継続状態は無効
S424,前後挟撃,能動,5,1ターンの間、自身と友軍単体は連撃(1ターンに2回通常攻撃)を獲得(発動確率25%→35%)
S425,沈魚落雁,受動,5,自身が通常攻撃を受けた際、18%→36%の確率で1ターンの間、攻撃者に以下の状態を1つ付与:混乱(攻撃と戦法の目標ランダムに選択)、無策(能動戦法が発動不能)、疲弊(与ダメージが無効)。自身が女性の場合、発動率は追加で魅力依存
S426,大智不智,能動,5,敵軍複数(2名)に消沈を付与し、2ターンの間、毎ターン持続ダメージ(ダメージ率52%→104%、知略依存)を与え、さらに対象の兵刃被ダメージ10%→20%上昇
S427,一力当先,能動,5,2ターンの間、自身の通常攻撃ダメージが25%→50%上昇、乱舞(通常攻撃時、対象部隊の他武将へもダメージ。ダメージ率35%→70%)を獲得
S428,気勢衝天,指揮,5,4ターン目まで、自身の行動時に80%の確率で1ターンの間、武勇が最も高い敵軍武将の兵刃与ダメージ-15%→30%(武勇依存)、知略が最も高い敵軍武将の計略与ダメージ-15%→30%(武勇依存)
S429,剛毅果断,能動,5,3ターンの間、自身の突撃戦法の与ダメージ17.5%→35%上昇、能動戦法の被ダメージ10%→20%低下。発動後、1ターンの間再発動不可
S430,以戦養戦,受動,5,戦闘中、自身は12.5%→25%の離反(兵刃ダメージを与えた際にダメージ量に応じて兵力回復)を獲得。5ターン目にもう1回12.5%→25%の離反を獲得。自身の兵力が50%以下の場合、追加で12.5%→25%の会心を獲得
S431,奇謀独断,能動,5,1ターンの準備後、2ターンの間、敵軍複数(2名)に無策(能動戦法発動不可)を付与(発動確率25%→35%)
S432,回天天運,能動,5,兵力損失が最も多い自軍単体の弱体化効果を2個浄化し、その兵力を回復(回復率130%→260%、知略依存)
S433,赤備え隊,兵種,5,騎兵が千軍一掃の赤備えに進化:自軍全体が17.5%→35%の会心(会心発動時、兵刃ダメージが50%上昇)を獲得。飯富虎昌が装備時、自軍全体が会心ダメージを計10回与えると全軍出撃(自軍全体がそれぞれランダムな敵軍単体に兵刃ダメージ、ダメージ率44%→88%)を発動
S434,草木皆兵,能動,5,1ターンの準備後、敵軍複数(2名)に計略ダメージ(ダメージ率71%→142%)を与え、自軍複数(2名)の兵力を回復(回復率53%→106%、知略依存)
S435,乗勝追撃,突撃,5,通常攻撃後、敵軍全体にもう一度兵刃ダメージ(ダメージ率68%→136%)
S436,百戦錬磨,受動,5,戦闘中、自身の武勇・知略・統率・速度が21→42増加
S437,深慮遠謀,指揮,5,3ターン目まで、敵軍複数(2名)の与ダメージ14%→28%低下(知略依存)
S438,所領役帳,能動,5,ランダムな自軍単体を回復し(回復率106%→212%、知略依存)、2ターンの間、最も兵力が少ない自軍単体に回生を付与し、ダメージを受けるたびに25%→50%の確率で兵力を一定量回復(回復率33%→66%、知略依存)
S439,大太刀力士隊,兵種,5,足軽が臨戦態勢の大太刀力士隊に進化:自軍全体は通常攻撃ダメージを受けた際に15%→30%の確率で攻撃者に反撃(ダメージ率50%→100%)を付与。2ターン目まで、通常攻撃と突撃戦法による被ダメージが9%→18%(武勇依存)低下。真柄直隆が装備時、反撃時に自身は12.5%→25%の確率で対象に追加の兵刃ダメージ(ダメージ率60%→120%)
S440,薩摩鉄砲兵,兵種,5,鉄砲が鉄火烈襲の薩摩鉄砲兵に進化:自軍全体の通常攻撃が計略攻撃へ転換。基本ダメージ率が25%→50%上昇するが、攻撃するたびに1ターンのクールタイムが発生。島津貴久が装備時、基本ダメージ率は35%→70%まで上昇
S441,金鼓連天,能動,5,3ターンの間、自身の能動戦法与ダメージ24%→48%上昇、突撃戦法被ダメージ12.5%→25%低下。発動時、1ターンの間再発動不可。
S442,陣形崩し,能動,5,1ターンの準備後、2ターンの間、敵軍複数(2~3名)の統率と知略22.5→45(武勇依存)減少、さらに対象に兵刃ダメージ(ダメージ率51%→102%)
S443,囊沙之計,能動,5,2ターンの間、敵軍複数(2名)に水攻めを付与し、毎ターン持続ダメージ(ダメージ率51%→102%、知略依存)を与え、さらに対象の計略被ダメージ15%→30%上昇
S444,甲斐弓騎兵,兵種,5,弓兵が精妙な射術を持つ甲斐弓騎兵に進化:部隊行軍速度が5%→50%上昇。自軍全体の配置順が一番目となる能動戦法発動率が4%→8%上昇(準備が必要な場合は6%→12%上昇)。一条信龍が装備時、発動率増加値は速度依存
S445,気炎万丈,指揮,5,3ターン目まで、敵軍複数(2名)に封撃を付与し、毎ターン35%→70%の確率で通常攻撃不可(毎ターン4発動率-7%→14%)
S446,按甲休兵,受動,5,戦闘中、自身は休養(毎ターン兵力回復、回復率71%→142%)を獲得
S447,戦意崩壊,突撃,5,通常攻撃後、2ターンの間、対象の統率と知略が65低下し、自軍大将に2回分の鉄壁(被ダメージ無効)を付与。自身が大将の場合は1回分の鉄壁しか獲得不可(発動確率20%→35%)
S448,文武両道,受動,5,戦闘中、自身は計略ダメージを与えるたびに武勇が15→30増加(最大5回まで重ねがけ可能)、兵刃ダメージを与えるたびに知略が15→30増加(最大5回まで重ねがけ可能)
S449,鉄砲僧兵,兵種,5,鉄砲が破邪顕正の鉄砲僧兵に進化:自軍全体の統率と知略が6→12増加し、1/2/5/6ターン目に休養(毎ターン兵力を1回回復、回復率22%→44%、統率依存)を獲得。津田算長が装備時、属性増加値は統率依存でさらに上昇
S450,知者楽水,指揮,5,3ターン目終了まで、自軍複数(2名)の兵刃·計略被ダメージ9%→18%低下(統率依存)。自軍において、知略が武勇を上回る武将数が、武勇が知略を上回る武将数より多い場合、兵刃被ダメージ低下効果、12%→24%に増加。それ以外の場合、計略被ダメージ低下効果が12%→24%に増加するが、与ダメージが5%低下。大将技:自軍全体が初めのターンに受けるダメージの15%→30%を分担
S451,縦横馳突,能動,5,1ターンの間、自身が連撃(1ターンに通常攻撃を2回発動)と封撃耐性(通常攻撃発動不可)を獲得(発動確率20%→40%)
S452,乱世の華,突撃,5,通常攻撃後、攻撃対象にもう一度兵刃ダメージ(ダメージ率79%→158%)と計略ダメージ(ダメージ率79%→158%、知略依存)を付与。ダメージは双方の属性差によって変動(兵刃与ダメージは武勇と統率に依存、計略与ダメージは知力と速度に依存)
S453,静動自在,能動,5,自身より後に行動する友軍単体を選び、2ターン持続する洞察と先攻を付与。自身が一番最後に行動する場合、自身が2ターン持続する洞察と先攻を獲得(発動確率15%→30%)
S454,境目奮戦,突撃,5,通常攻撃後、敵軍の兵力が最も低い単体に計略ダメージ(ダメージ率130%→260%、知略依存)を与え、1ターンの間、対象の被回復効果が15%→30%低下
S701,覇王の右筆,指揮,4,友軍複数(2名)が通常攻撃を行った後、自身は20%→40%の確率でその対象に兵刃ダメージ(ダメージ率120%)
S702,鈴鳴り,受動,4,自身は毎ターン33%→66%の確率で敵軍単体に兵刃ダメージ(ダメージ率105%→210%)。自軍の兵力が50%以下かつ敵軍より低い場合、発動率は元の50%に低下
S703,後方支援,指揮,4,戦闘中、自身の能動戦法の発動確率が5%→10%減少するが、友軍複数(2名)に9%→18%の与ダメージ上昇効果を付与。この効果は毎ターン20%→40%の確率で2%減少
S704,荒切,突撃,4,通常攻撃後、1ターンの間連撃(1ターンに2回通常攻撃)を獲得(発動確率20%→35%)
S705,捨て身の義,指揮,4,戦闘中、自身の統率が20→40上昇し、友軍複数の武勇と知略が10→20増加。自身の兵力を20%低下するたびに、再度効果を発動(効果は元の60%、重ねがけ可能)
S706,懐柔,指揮,4,2ターン目から3ターンの間、自軍複数(2~3名)が休養(毎ターン兵力回復)を獲得(回復率42%→84%、知略依存)
S707,魚目混珠,受動,4,自身は通常攻撃ができず、与ダメージが25%→50%減少するが、毎ターン食事で自身の兵力を回復(回復率106%→212%)
S711,岐阜侍従,能動,4,敵軍単体に兵刃ダメージ(ダメージ率74%→148%)と計略ダメージ(ダメージ率74%→148%、知略依存)。自身の武勇と知略ともに対象より高い場合は強化効果を獲得し、ダメージ率が85%→170%に上昇
S712,奮戦,能動,4,自身に連撃(1ターンに2回通常攻撃)を付与するが、1ターンの間与ダメージ15%低下(発動確率20%→35%)
S713,全力戦闘,受動,4,5ターン目以降、戦闘終了まで自身が35%→70%の連撃(1ターンに2回通常攻撃)を獲得
S714,先陣の勇,能動,4,敵軍単体に兵刃ダメージ(ダメージ率77%→154%)を与え、17.5%→35%の確率(速度差依存)で1ターンの間威圧(行動不能)を付与。2ターンの間、自身の速度が10→20上昇
S715,奪気,能動,4,敵軍複数(2名)の強化効果を2個解除し、3ターンの間、自身の知略14→28上昇(発動確率30%→45%)
S716,祓除,能動,4,2ターンの間、自軍複数(2名)の武勇·知略·速度12→24増加、弱体化効果を2個浄化(発動確率30%→45%)
S717,一念乱志,受動,4,3ターン目以降、自身は35%→70%の確率で敵軍単体に兵刃ダメージ(ダメージ率89%→178%)を与え、35%の確率で武勇が最も高い自軍単体も同じ対象に兵刃ダメージ(ダメージ率89%→178%)。自身の発動確率は毎ターン2.5%→5%低下
S718,闇討ち,能動,4,1ターンの準備後、敵軍大将に兵刃ダメージ(ダメージ率166%→332%)
S719,生死一顧,能動,4,敵軍全体に計略ダメージ(ダメージ率28%→56%、知略依存)を与え、1ターンの間挑発(強制的に自身を通常攻撃の対象に固定)を付与
S720,鉄砲猛撃,能動,4,敵軍複数(2名)に計略ダメージ(ダメージ率51%→102%、知略依存)。2ターンの間、対象の与ダメージが6%→12%減少
S721,一上一下,受動,4,戦闘中、自身の能動戦法の発動確率が6%→12%増加
S722,一刀両断,突撃,4,通常攻撃後、攻撃対象にもう一度兵刃ダメージ(ダメージ率158%→316%)
S723,先制先登,能動,4,敵軍複数(2名)に兵刃ダメージ(ダメージ率61%→122%)を与え、1ターンの間、先攻(優先行動)を獲得
S724,鬼玄蕃,能動,4,自身の次に受けるダメージが20%→30%増加する代わりに、2ターンの間、9%→18%の離反(兵刃ダメージを与えた際にダメージ量に応じて兵力回復)を獲得。さらに敵軍複数(2~3名)に兵刃ダメージ(ダメージ率59%→118%)
S725,殿軍奮戦,能動,4,2ターンの間、敵軍単体に挑発(強制的に自身を通常攻撃の対象に固定)または牽制(強制的に自身を戦法の対象に固定)を付与。敵軍がすでに挑発または牽制状態中の場合、2ターンの間、追加で与ダメージが25%低下。両状態同時存在の場合、与ダメージ低下効果が45%に増加(発動確率30%→55%)
S726,秋水一色,能動,4,1ターンの準備後、2ターンの間、自身と自軍単体の計略与ダメージが10%→20%増加。その後、敵軍複数(2名)に計略ダメージ(ダメージ率74%→148%、知略依存)
S727,甲州流軍学,能動,4,敵軍単体に計略ダメージ(ダメージ率93%→186%、知略依存)を与え、1ターンの間、友軍単体に1回分の鉄壁(被ダメージ無効)を付与
S728,百錬成鋼,受動,4,自身の武勇・知略・統率・速度17.5→35増加
S729,腹中鱗甲,受動,4,自身が反撃(通常攻撃を受けると、敵軍に兵刃ダメージ。ダメージ率26%→52%)を獲得。自身が大将でない場合、ダメージ率は31%→62%に上昇
S730,槍弾正,能動,4,敵軍単体に兵刃ダメージ(ダメージ率86%→172%)。1ターンの間、無策(能動戦法発動不可)を付与
S731,矢石飛交,能動,4,敵軍単体にランダムで2~4回の兵刃ダメージ(ダメージ率42%→84%)
S732,妖怪退治,能動,4,敵軍単体の強化効果を1個解除し、その後兵刃ダメージ(ダメージ率128%→256%)
S733,援護射擊,能動,4,1ターンの間、自軍単体が15%→30%の回避を獲得。また、対象が初めてダメージを受けた際に自身が攻撃者に兵刃ダメージ(ダメージ率81%→162%、武勇と統率依存)
S734,敵陣攪乱,能動,4,敵軍単体に計略ダメージ(ダメージ率73%→146%、知略依存)。1ターンの間、対象に混乱(攻撃と戦法の発動対象をランダムに選択)を付与
S735,融通自在,能動,4,2ターンの間、友軍単体の能動戦法の発動確率6%→12%増加(最大2回重ねがけ可能)
S736,槍の鈴,突撃,4,通常攻撃後、敵軍単体に兵刃ダメージ(ダメージ率116%→232%)。3ターン目以降、追加で自身の兵力を回復(回復率27%→54%、武勇依存)
S737,驍勇善戦,能動,4,1ターンの準備後、2ターンの間自身が20%→40%の会心(会心発動時、兵刃ダメージが50%増加)を獲得し、敵軍単体に兵刃ダメージ(ダメージ率156%→312%)
S738,休養,受動,4,戦闘中、自身は休養(毎ターン兵力回復、回復率50%→100%)を獲得
S739,不意打ち,能動,4,1ターンの準備後、1~2ターンの間(65%の確率で2ターンの間)、敵軍複数(2名)にランダムに無策(能動戦法発動不可)と封撃(通常攻撃不可)のいずれかを付与(発動確率20%→45%)
S740,弓調馬服,能動,4,2ターンの間、敵軍単体の武勇と知略の高い方が50→100減少。10%→20%の確率(武勇依存)で双方低下
S741,有備無患,能動,4,自軍複数(2名)の兵力を回復(回復率54%→108%、知略依存)
S742,一六勝負,能動,4,ランダムにいずれか1つの効果を発動:敵軍単体に計略ダメージ(ダメージ率120%→240%、知略依存)を与えるか、自軍単体の兵力を回復(回復率120%→240%、知略依存)
S743,忠勤励行,能動,4,1ターンの準備後、2ターンの間、自軍複数(2名)の兵刃与ダメージが7.5%→15%増加。その後、自身が敵軍単体に兵刃ダメージ(ダメージ率148%→296%)
S744,警戒周到,指揮,4,4ターン目まで、自軍複数(2名)の被ダメージ11%→22%低下
S745,一触即発,突撃,4,通常攻撃後、1ターンの間攻撃対象の統率が70→140低下、無策(能動戦法発動不可)を付与
S746,攻守兼備,能動,4,敵軍単体にダメージ(ダメージ率92%→184%、ダメージタイプは武勇と知略の高い方)。また、毎ターン最初に受ける異なるタイプの被ダメージが20%→40%低下、1ターン持続
S747,参謀の助言,指揮,4,自軍全体の武勇と知略が14→28増加
S748,回山倒海,突撃,4,通常攻撃後、敵軍単体に兵刃ダメージ(ダメージ率52%→104%)を与え、さらに対象に2ターンの間潰走(毎ターン持続ダメージ、ダメージ率47%→94%、武勇依存)を付与
S801,不退転,突撃,3,通常攻撃後、攻撃対象にもう一度兵刃ダメージ(ダメージ率70%→140%)
S802,救援,能動,3,2ターンの間、自軍単体に回生(ダメージを受けるたびに50%の確率で兵力を一定量回復。回復率37.5%→75%、知略依存)を付与
S803,会話,能動,3,3ターンの間、自軍単体は混乱を無効化(発動確率23%→45%)
S804,刺突,能動,3,3ターンの間、敵軍単体に潰走(毎ターン持続ダメージ。ダメージ率35%→70%、武勇依存)を付与
S805,同討,能動,3,1ターンの準備後、敵軍複数(2名)に兵刃ダメージ(ダメージ率77.5%→155%)
S806,薙ぎ払い,能動,3,敵軍単体に兵刃ダメージ(ダメージ率62.5%→125%)
S807,猛撃,突撃,3,通常攻撃後、2ターンの間、自身が7.5%→15%のに会心を獲得(に会心発動時、兵刃ダメージが50%増加)
S808,嘲罵,能動,3,1ターンの間、敵軍全体に挑発を付与して自身をその攻撃対象に固定(発動確率30%→60%)
S809,水計,能動,3,3ターンの間、敵軍単体に水攻めを付与し、毎ターン持続ダメージを与える(ダメージ率35%→70%、知略依存)
S810,破甲,突撃,3,通常攻撃後、2ターンの間攻撃対象の統率18→36減少
S811,火攻め,能動,3,敵軍単体に計略ダメージ(ダメージ率75%→150%)
S812,反撃,能動,3,1ターンの間、反撃(通常攻撃を受けるたびに攻撃者へ反撃ダメージ、ダメージ率30%→60%)を獲得
S813,火計,能動,3,3ターンの間、敵軍単体を火傷にし、毎ターン持続ダメージを与える(ダメージ率35%→70%、知略依存)
S814,連戦,突撃,3,通常攻撃後、敵軍単体に兵刃ダメージ(ダメージ率60%→120%)
S815,奮起,受動,3,自身の武勇と速度12.5→25増加
S816,威圧,能動,3,2ターンの間、敵軍複数(2名)の与ダメージ7.5→15%低下
S817,看破,能動,3,敵軍単体の強化効果を解除し、2ターンの間、対象の知略9→18減少
S818,殿軍,能動,3,2ターンの間、自身の武勇15→30増加、自身が副将の場合は追加で統率20→40増加
S819,士気高揚,能動,2,このターンに自軍単体が洞察を獲得し、制御状態をすべて無効化(発動確率13%→25%)
S820,初期激昂,能動,2,2ターンの間、自軍単体の速度10→20増加
S821,初級撹乱,能動,2,2ターンの間、敵軍単体の速度6→12減少
S822,初級圧制,能動,2,2ターンの間、敵軍単体の統率6→12減少
S823,初級鼓舞,能動,2,2ターンの間、自軍単体の武勇10→20増加
S824,初級治療,能動,2,2ターンの間、自軍単体に回生(ダメージを受けるたびに50%の確率で兵力を一定量回復。回復率20%→40%、知略依存)を付与
S999,-,-,1,-
